{
  "object_existence": {
    "n_samples": 756,
    "precision": 0.16666666666666666,
    "recall": 0.4,
    "f1": 0.23529411764705882,
    "empty_outputs": 0,
    "invalid_outputs": 0,
    "valid_outputs": 756,
    "empty_rate": 0.0,
    "invalid_rate": 0.0,
    "valid_rate": 1.0,
    "n_positive_labels": 5.0,
    "n_negative_labels": 751.0,
    "tp": 2.0,
    "fp": 10.0,
    "fn": 3.0,
    "tn": 741.0
  },
  "attribute_error": {
    "n_samples": 862,
    "precision": 0.46511627906976744,
    "recall": 0.3225806451612903,
    "f1": 0.380952380952381,
    "empty_outputs": 0,
    "invalid_outputs": 0,
    "valid_outputs": 862,
    "empty_rate": 0.0,
    "invalid_rate": 0.0,
    "valid_rate": 1.0,
    "n_positive_labels": 62.0,
    "n_negative_labels": 800.0,
    "tp": 20.0,
    "fp": 23.0,
    "fn": 42.0,
    "tn": 777.0
  },
  "spatial_error": {
    "n_samples": 750,
    "precision": 0.5851851851851851,
    "recall": 0.6528925619834711,
    "f1": 0.6171875,
    "empty_outputs": 0,
    "invalid_outputs": 0,
    "valid_outputs": 750,
    "empty_rate": 0.0,
    "invalid_rate": 0.0,
    "valid_rate": 1.0,
    "n_positive_labels": 121.0,
    "n_negative_labels": 629.0,
    "tp": 79.0,
    "fp": 56.0,
    "fn": 42.0,
    "tn": 573.0
  },
  "counting_error": {
    "n_samples": 787,
    "precision": 0.833922261484099,
    "recall": 0.5870646766169154,
    "f1": 0.689051094890511,
    "empty_outputs": 0,
    "invalid_outputs": 0,
    "valid_outputs": 787,
    "empty_rate": 0.0,
    "invalid_rate": 0.0,
    "valid_rate": 1.0,
    "n_positive_labels": 402.0,
    "n_negative_labels": 385.0,
    "tp": 236.0,
    "fp": 47.0,
    "fn": 166.0,
    "tn": 338.0
  },
  "ocr_text_error": {
    "n_samples": 800,
    "precision": 0.7529880478087649,
    "recall": 0.875,
    "f1": 0.8094218415417559,
    "empty_outputs": 0,
    "invalid_outputs": 0,
    "valid_outputs": 800,
    "empty_rate": 0.0,
    "invalid_rate": 0.0,
    "valid_rate": 1.0,
    "n_positive_labels": 216.0,
    "n_negative_labels": 584.0,
    "tp": 189.0,
    "fp": 62.0,
    "fn": 27.0,
    "tn": 522.0
  },
  "action_event_error": {
    "n_samples": 750,
    "precision": 0.5135135135135135,
    "recall": 0.8085106382978723,
    "f1": 0.6280991735537189,
    "empty_outputs": 0,
    "invalid_outputs": 0,
    "valid_outputs": 750,
    "empty_rate": 0.0,
    "invalid_rate": 0.0,
    "valid_rate": 1.0,
    "n_positive_labels": 47.0,
    "n_negative_labels": 703.0,
    "tp": 38.0,
    "fp": 36.0,
    "fn": 9.0,
    "tn": 667.0
  }
}